Title,Media URL,Pinterest board,Thumbnail,Description,Link,Publish date,Keywords
"Sony WH-1000XM5 Wireless Noise Canceling Headphones (13% OFF)","https://images.unsplash.com/photo-1505740420928-5e560c06d30e?w=800&auto=format&fit=crop&q=80","Amazon Deals & Finds","","🔥 Sony WH-1000XM5 Wireless Noise Canceling Headphones is now 13% OFF on Amazon! Verified 4.8★ with 14,820 reviews. Check today's lowest deal & features on AffiliPrime Deals. #AmazonFinds #AmazonDeals #BestDeals #ViralFinds #ShopNow","https://zainimranhameed-png.github.io/affiliprime-deals/?product=prod-1","","amazon finds, viral amazon deals, best gadgets 2026, trending products"
"Apple 2024 MacBook Air 13"" (M3 Chip, 16GB Unified RAM, 512GB SSD) (8% OFF)","https://images.unsplash.com/photo-1517336714731-489689fd1ca8?w=800&auto=format&fit=crop&q=80","Amazon Deals & Finds","","🔥 Apple 2024 MacBook Air 13"" (M3 Chip, 16GB Unified RAM, 512GB SSD) is now 8% OFF on Amazon! Verified 4.9★ with 8,940 reviews. Check today's lowest deal & features on AffiliPrime Deals. #AmazonFinds #AmazonDeals #BestDeals #ViralFinds #ShopNow","https://zainimranhameed-png.github.io/affiliprime-deals/?product=prod-2","","amazon finds, viral amazon deals, best gadgets 2026, trending products"
"Apple Watch Series 10 (GPS, 46mm OLED Always-On, Jet Black) (7% OFF)","https://images.unsplash.com/photo-1546868871-7041f2a55e12?w=800&auto=format&fit=crop&q=80","Amazon Deals & Finds","","🔥 Apple Watch Series 10 (GPS, 46mm OLED Always-On, Jet Black) is now 7% OFF on Amazon! Verified 4.7★ with 6,510 reviews. Check today's lowest deal & features on AffiliPrime Deals. #AmazonFinds #AmazonDeals #BestDeals #ViralFinds #ShopNow","https://zainimranhameed-png.github.io/affiliprime-deals/?product=prod-3","","amazon finds, viral amazon deals, best gadgets 2026, trending products"
"Ninja AF101 Air Fryer 4-Quart with One-Touch Preset Functions (31% OFF)","https://images.unsplash.com/photo-1585515320310-259814833e62?w=800&auto=format&fit=crop&q=80","Amazon Deals & Finds","","🔥 Ninja AF101 Air Fryer 4-Quart with One-Touch Preset Functions is now 31% OFF on Amazon! Verified 4.8★ with 64,200 reviews. Check today's lowest deal & features on AffiliPrime Deals. #AmazonFinds #AmazonDeals #BestDeals #ViralFinds #ShopNow","https://zainimranhameed-png.github.io/affiliprime-deals/?product=prod-4","","amazon finds, viral amazon deals, best gadgets 2026, trending products"
"Logitech MX Master 3S Wireless Performance Mouse (10% OFF)","https://images.unsplash.com/photo-1615663245857-ac93bb7c39e7?w=800&auto=format&fit=crop&q=80","Amazon Deals & Finds","","🔥 Logitech MX Master 3S Wireless Performance Mouse is now 10% OFF on Amazon! Verified 4.8★ with 19,800 reviews. Check today's lowest deal & features on AffiliPrime Deals. #AmazonFinds #AmazonDeals #BestDeals #ViralFinds #ShopNow","https://zainimranhameed-png.github.io/affiliprime-deals/?product=prod-5","","amazon finds, viral amazon deals, best gadgets 2026, trending products"
"Kindle Paperwhite (16 GB) – 6.8"" Glare-Free Display with Warm Light (13% OFF)","https://images.unsplash.com/photo-1544716278-ca5e3f4abd8c?w=800&auto=format&fit=crop&q=80","Amazon Deals & Finds","","🔥 Kindle Paperwhite (16 GB) – 6.8"" Glare-Free Display with Warm Light is now 13% OFF on Amazon! Verified 4.7★ with 38,400 reviews. Check today's lowest deal & features on AffiliPrime Deals. #AmazonFinds #AmazonDeals #BestDeals #ViralFinds #ShopNow","https://zainimranhameed-png.github.io/affiliprime-deals/?product=prod-6","","amazon finds, viral amazon deals, best gadgets 2026, trending products"
"Bose QuietComfort Ultra Wireless Earbuds with Immersive Audio (17% OFF)","https://images.unsplash.com/photo-1590658268037-6bf12165a8df?w=800&auto=format&fit=crop&q=80","Amazon Deals & Finds","","🔥 Bose QuietComfort Ultra Wireless Earbuds with Immersive Audio is now 17% OFF on Amazon! Verified 4.6★ with 7,890 reviews. Check today's lowest deal & features on AffiliPrime Deals. #AmazonFinds #AmazonDeals #BestDeals #ViralFinds #ShopNow","https://zainimranhameed-png.github.io/affiliprime-deals/?product=prod-7","","amazon finds, viral amazon deals, best gadgets 2026, trending products"
"Anker Prime 20,000mAh Power Bank (200W Output, Smart Digital Display) (15% OFF)","https://images.unsplash.com/photo-1609592424368-8094a6136d8d?w=800&auto=format&fit=crop&q=80","Amazon Deals & Finds","","🔥 Anker Prime 20,000mAh Power Bank (200W Output, Smart Digital Display) is now 15% OFF on Amazon! Verified 4.8★ with 5,410 reviews. Check today's lowest deal & features on AffiliPrime Deals. #AmazonFinds #AmazonDeals #BestDeals #ViralFinds #ShopNow","https://zainimranhameed-png.github.io/affiliprime-deals/?product=prod-8","","amazon finds, viral amazon deals, best gadgets 2026, trending products"
"Dyson V15 Detect Cordless Vacuum Cleaner with Laser Dirt Illumination (13% OFF)","https://images.unsplash.com/photo-1558317374-067fb5f30001?w=800&auto=format&fit=crop&q=80","Amazon Deals & Finds","","🔥 Dyson V15 Detect Cordless Vacuum Cleaner with Laser Dirt Illumination is now 13% OFF on Amazon! Verified 4.7★ with 11,200 reviews. Check today's lowest deal & features on AffiliPrime Deals. #AmazonFinds #AmazonDeals #BestDeals #ViralFinds #ShopNow","https://zainimranhameed-png.github.io/affiliprime-deals/?product=prod-9","","amazon finds, viral amazon deals, best gadgets 2026, trending products"
"Theragun Pro (5th Gen) Deep Tissue Percussive Therapy Massage Gun (17% OFF)","https://images.unsplash.com/photo-1540497077202-7c8a3999166f?w=800&auto=format&fit=crop&q=80","Amazon Deals & Finds","","🔥 Theragun Pro (5th Gen) Deep Tissue Percussive Therapy Massage Gun is now 17% OFF on Amazon! Verified 4.8★ with 4,120 reviews. Check today's lowest deal & features on AffiliPrime Deals. #AmazonFinds #AmazonDeals #BestDeals #ViralFinds #ShopNow","https://zainimranhameed-png.github.io/affiliprime-deals/?product=prod-10","","amazon finds, viral amazon deals, best gadgets 2026, trending products"
"Elgato Stream Deck MK.2 – 15 Customizable Macro LCD Keys (13% OFF)","https://images.unsplash.com/photo-1542751371-adc38448a05e?w=800&auto=format&fit=crop&q=80","Amazon Deals & Finds","","🔥 Elgato Stream Deck MK.2 – 15 Customizable Macro LCD Keys is now 13% OFF on Amazon! Verified 4.9★ with 22,400 reviews. Check today's lowest deal & features on AffiliPrime Deals. #AmazonFinds #AmazonDeals #BestDeals #ViralFinds #ShopNow","https://zainimranhameed-png.github.io/affiliprime-deals/?product=prod-11","","amazon finds, viral amazon deals, best gadgets 2026, trending products"
"Philips Sonicare DiamondClean 9000 Smart Electric Toothbrush (22% OFF)","https://images.unsplash.com/photo-1559591937-e160a0f8b488?w=800&auto=format&fit=crop&q=80","Amazon Deals & Finds","","🔥 Philips Sonicare DiamondClean 9000 Smart Electric Toothbrush is now 22% OFF on Amazon! Verified 4.7★ with 16,700 reviews. Check today's lowest deal & features on AffiliPrime Deals. #AmazonFinds #AmazonDeals #BestDeals #ViralFinds #ShopNow","https://zainimranhameed-png.github.io/affiliprime-deals/?product=prod-12","","amazon finds, viral amazon deals, best gadgets 2026, trending products"
"Stanley Quencher H2.0 FlowState 40 oz Tumbler (Stainless Steel) (10% OFF)","https://images.unsplash.com/photo-1570831739435-6601aa3fa4fb?w=800&auto=format&fit=crop&q=80","Amazon Deals & Finds","","🔥 Stanley Quencher H2.0 FlowState 40 oz Tumbler (Stainless Steel) is now 10% OFF on Amazon! Verified 4.8★ with 78,500 reviews. Check today's lowest deal & features on AffiliPrime Deals. #AmazonFinds #AmazonDeals #BestDeals #ViralFinds #ShopNow","https://zainimranhameed-png.github.io/affiliprime-deals/?product=prod-13","","amazon finds, viral amazon deals, best gadgets 2026, trending products"
"Apple AirPods Pro 2 Wireless Earbuds (USB-C MagSafe Case) (24% OFF)","https://images.unsplash.com/photo-1600294037681-c80b4cb5b434?w=800&auto=format&fit=crop&q=80","Amazon Deals & Finds","","🔥 Apple AirPods Pro 2 Wireless Earbuds (USB-C MagSafe Case) is now 24% OFF on Amazon! Verified 4.8★ with 42,100 reviews. Check today's lowest deal & features on AffiliPrime Deals. #AmazonFinds #AmazonDeals #BestDeals #ViralFinds #ShopNow","https://zainimranhameed-png.github.io/affiliprime-deals/?product=prod-14","","amazon finds, viral amazon deals, best gadgets 2026, trending products"
"Sony PlayStation 5 Slim Console (1TB SSD, 4K 120Hz) (9% OFF)","https://images.unsplash.com/photo-1606813907291-d86efa9b94db?w=800&auto=format&fit=crop&q=80","Amazon Deals & Finds","","🔥 Sony PlayStation 5 Slim Console (1TB SSD, 4K 120Hz) is now 9% OFF on Amazon! Verified 4.9★ with 31,800 reviews. Check today's lowest deal & features on AffiliPrime Deals. #AmazonFinds #AmazonDeals #BestDeals #ViralFinds #ShopNow","https://zainimranhameed-png.github.io/affiliprime-deals/?product=prod-15","","amazon finds, viral amazon deals, best gadgets 2026, trending products"
"DJI Mini 4 Pro Drone with 4K/60fps HDR & Omnidirectional Obstacle Sensing (11% OFF)","https://images.unsplash.com/photo-1527977966376-1c8408f9f108?w=800&auto=format&fit=crop&q=80","Amazon Deals & Finds","","🔥 DJI Mini 4 Pro Drone with 4K/60fps HDR & Omnidirectional Obstacle Sensing is now 11% OFF on Amazon! Verified 4.8★ with 9,400 reviews. Check today's lowest deal & features on AffiliPrime Deals. #AmazonFinds #AmazonDeals #BestDeals #ViralFinds #ShopNow","https://zainimranhameed-png.github.io/affiliprime-deals/?product=prod-16","","amazon finds, viral amazon deals, best gadgets 2026, trending products"
"Samsung Galaxy S24 Ultra (512GB, Galaxy AI, Titanium Gray) (14% OFF)","https://images.unsplash.com/photo-1610945265064-0e34e5519bbf?w=800&auto=format&fit=crop&q=80","Amazon Deals & Finds","","🔥 Samsung Galaxy S24 Ultra (512GB, Galaxy AI, Titanium Gray) is now 14% OFF on Amazon! Verified 4.8★ with 15,300 reviews. Check today's lowest deal & features on AffiliPrime Deals. #AmazonFinds #AmazonDeals #BestDeals #ViralFinds #ShopNow","https://zainimranhameed-png.github.io/affiliprime-deals/?product=prod-17","","amazon finds, viral amazon deals, best gadgets 2026, trending products"
"Apple Mac Studio (M2 Ultra 24-Core CPU, 60-Core GPU, 64GB Unified RAM, 1TB SSD) (5% OFF)","https://images.unsplash.com/photo-1541807084-5c52b6b3adef?w=800&auto=format&fit=crop&q=80","Amazon Deals & Finds","","🔥 Apple Mac Studio (M2 Ultra 24-Core CPU, 60-Core GPU, 64GB Unified RAM, 1TB SSD) is now 5% OFF on Amazon! Verified 4.9★ with 1,640 reviews. Check today's lowest deal & features on AffiliPrime Deals. #AmazonFinds #AmazonDeals #BestDeals #ViralFinds #ShopNow","https://zainimranhameed-png.github.io/affiliprime-deals/?product=prod-18","","amazon finds, viral amazon deals, best gadgets 2026, trending products"
"ASUS ROG Strix SCAR 18 (2024) Gaming Laptop (Intel i9-14900HX, RTX 4090, 64GB DDR5, 2TB SSD) (8% OFF)","https://images.unsplash.com/photo-1603302576837-37561b2e2302?w=800&auto=format&fit=crop&q=80","Amazon Deals & Finds","","🔥 ASUS ROG Strix SCAR 18 (2024) Gaming Laptop (Intel i9-14900HX, RTX 4090, 64GB DDR5, 2TB SSD) is now 8% OFF on Amazon! Verified 4.7★ with 1,850 reviews. Check today's lowest deal & features on AffiliPrime Deals. #AmazonFinds #AmazonDeals #BestDeals #ViralFinds #ShopNow","https://zainimranhameed-png.github.io/affiliprime-deals/?product=prod-19","","amazon finds, viral amazon deals, best gadgets 2026, trending products"
"Breville the Oracle Touch Fully Automatic Espresso Machine (Dual Boiler, Stainless Steel) (7% OFF)","https://images.unsplash.com/photo-1517668808822-9ebb02f2a0e6?w=800&auto=format&fit=crop&q=80","Amazon Deals & Finds","","🔥 Breville the Oracle Touch Fully Automatic Espresso Machine (Dual Boiler, Stainless Steel) is now 7% OFF on Amazon! Verified 4.8★ with 3,980 reviews. Check today's lowest deal & features on AffiliPrime Deals. #AmazonFinds #AmazonDeals #BestDeals #ViralFinds #ShopNow","https://zainimranhameed-png.github.io/affiliprime-deals/?product=prod-20","","amazon finds, viral amazon deals, best gadgets 2026, trending products"
"Sony Alpha 7 IV Full-Frame Mirrorless Camera Kit (33MP Sensor, 4K 60p, 28-70mm Lens) (7% OFF)","https://images.unsplash.com/photo-1516035069371-29a1b244cc32?w=800&auto=format&fit=crop&q=80","Amazon Deals & Finds","","🔥 Sony Alpha 7 IV Full-Frame Mirrorless Camera Kit (33MP Sensor, 4K 60p, 28-70mm Lens) is now 7% OFF on Amazon! Verified 4.8★ with 3,240 reviews. Check today's lowest deal & features on AffiliPrime Deals. #AmazonFinds #AmazonDeals #BestDeals #ViralFinds #ShopNow","https://zainimranhameed-png.github.io/affiliprime-deals/?product=prod-21","","amazon finds, viral amazon deals, best gadgets 2026, trending products"
"Samsung 77-Inch Class OLED 4K S90D Series Smart TV (Pantone Validated, 144Hz, Dolby Atmos) (24% OFF)","https://images.unsplash.com/photo-1593359677879-a4bb92f829d1?w=800&auto=format&fit=crop&q=80","Amazon Deals & Finds","","🔥 Samsung 77-Inch Class OLED 4K S90D Series Smart TV (Pantone Validated, 144Hz, Dolby Atmos) is now 24% OFF on Amazon! Verified 4.8★ with 2,410 reviews. Check today's lowest deal & features on AffiliPrime Deals. #AmazonFinds #AmazonDeals #BestDeals #ViralFinds #ShopNow","https://zainimranhameed-png.github.io/affiliprime-deals/?product=prod-22","","amazon finds, viral amazon deals, best gadgets 2026, trending products"
"Herman Miller Embody Ergonomic Office & Gaming Chair (Sync Tilt, BackFit Adjustment) (10% OFF)","https://images.unsplash.com/photo-1580481077195-c266a4f21cb4?w=800&auto=format&fit=crop&q=80","Amazon Deals & Finds","","🔥 Herman Miller Embody Ergonomic Office & Gaming Chair (Sync Tilt, BackFit Adjustment) is now 10% OFF on Amazon! Verified 4.9★ with 4,120 reviews. Check today's lowest deal & features on AffiliPrime Deals. #AmazonFinds #AmazonDeals #BestDeals #ViralFinds #ShopNow","https://zainimranhameed-png.github.io/affiliprime-deals/?product=prod-23","","amazon finds, viral amazon deals, best gadgets 2026, trending products"
"Garmin tactix 7 AMOLED Edition Tactical GPS Smartwatch (Ballistics, NVG, 31-Day Battery) (7% OFF)","https://images.unsplash.com/photo-1523275335684-37898b6baf30?w=800&auto=format&fit=crop&q=80","Amazon Deals & Finds","","🔥 Garmin tactix 7 AMOLED Edition Tactical GPS Smartwatch (Ballistics, NVG, 31-Day Battery) is now 7% OFF on Amazon! Verified 4.8★ with 1,920 reviews. Check today's lowest deal & features on AffiliPrime Deals. #AmazonFinds #AmazonDeals #BestDeals #ViralFinds #ShopNow","https://zainimranhameed-png.github.io/affiliprime-deals/?product=prod-24","","amazon finds, viral amazon deals, best gadgets 2026, trending products"
"COSRX Snail Mucin 96% Power Repairing Essence (Hydrating Daily Serum, 3.38 fl oz) (40% OFF)","https://images.unsplash.com/photo-1608248597359-7ffc93d9e843?w=800&auto=format&fit=crop&q=80","Amazon Deals & Finds","","🔥 COSRX Snail Mucin 96% Power Repairing Essence (Hydrating Daily Serum, 3.38 fl oz) is now 40% OFF on Amazon! Verified 4.8★ with 152,800 reviews. Check today's lowest deal & features on AffiliPrime Deals. #AmazonFinds #AmazonDeals #BestDeals #ViralFinds #ShopNow","https://zainimranhameed-png.github.io/affiliprime-deals/?product=prod-25","","amazon finds, viral amazon deals, best gadgets 2026, trending products"
"Hero Cosmetics Mighty Patch Original Hydrocolloid Acne Pimple Patches (36 Count) (20% OFF)","https://images.unsplash.com/photo-1556228720-195a672e8a03?w=800&auto=format&fit=crop&q=80","Amazon Deals & Finds","","🔥 Hero Cosmetics Mighty Patch Original Hydrocolloid Acne Pimple Patches (36 Count) is now 20% OFF on Amazon! Verified 4.8★ with 134,500 reviews. Check today's lowest deal & features on AffiliPrime Deals. #AmazonFinds #AmazonDeals #BestDeals #ViralFinds #ShopNow","https://zainimranhameed-png.github.io/affiliprime-deals/?product=prod-26","","amazon finds, viral amazon deals, best gadgets 2026, trending products"
"Bissell Little Green Multi-Purpose Portable Carpet & Upholstery Cleaner (1400B) (19% OFF)","https://images.unsplash.com/photo-1558317374-067fb5f30001?w=800&auto=format&fit=crop&q=80","Amazon Deals & Finds","","🔥 Bissell Little Green Multi-Purpose Portable Carpet & Upholstery Cleaner (1400B) is now 19% OFF on Amazon! Verified 4.7★ with 128,400 reviews. Check today's lowest deal & features on AffiliPrime Deals. #AmazonFinds #AmazonDeals #BestDeals #ViralFinds #ShopNow","https://zainimranhameed-png.github.io/affiliprime-deals/?product=prod-27","","amazon finds, viral amazon deals, best gadgets 2026, trending products"
"Owala FreeSip Insulated Stainless Steel Water Bottle with Straw (32 oz, Leak-Proof) (12% OFF)","https://images.unsplash.com/photo-1602143407151-7111542de6e8?w=800&auto=format&fit=crop&q=80","Amazon Deals & Finds","","🔥 Owala FreeSip Insulated Stainless Steel Water Bottle with Straw (32 oz, Leak-Proof) is now 12% OFF on Amazon! Verified 4.9★ with 48,900 reviews. Check today's lowest deal & features on AffiliPrime Deals. #AmazonFinds #AmazonDeals #BestDeals #ViralFinds #ShopNow","https://zainimranhameed-png.github.io/affiliprime-deals/?product=prod-28","","amazon finds, viral amazon deals, best gadgets 2026, trending products"
"Ninja CREAMi Deluxe 11-in-1 Ice Cream & Frozen Treat Maker (NC501 Series) (12% OFF)","https://images.unsplash.com/photo-1563805042-7684c019e1cb?w=800&auto=format&fit=crop&q=80","Amazon Deals & Finds","","🔥 Ninja CREAMi Deluxe 11-in-1 Ice Cream & Frozen Treat Maker (NC501 Series) is now 12% OFF on Amazon! Verified 4.8★ with 21,500 reviews. Check today's lowest deal & features on AffiliPrime Deals. #AmazonFinds #AmazonDeals #BestDeals #ViralFinds #ShopNow","https://zainimranhameed-png.github.io/affiliprime-deals/?product=prod-29","","amazon finds, viral amazon deals, best gadgets 2026, trending products"
"LANEIGE Lip Sleeping Mask with Vitamin C & Murumuru Butter (Berry Flavor, 0.7 oz) (14% OFF)","https://images.unsplash.com/photo-1599305090598-fe179d501227?w=800&auto=format&fit=crop&q=80","Amazon Deals & Finds","","🔥 LANEIGE Lip Sleeping Mask with Vitamin C & Murumuru Butter (Berry Flavor, 0.7 oz) is now 14% OFF on Amazon! Verified 4.8★ with 44,200 reviews. Check today's lowest deal & features on AffiliPrime Deals. #AmazonFinds #AmazonDeals #BestDeals #ViralFinds #ShopNow","https://zainimranhameed-png.github.io/affiliprime-deals/?product=prod-30","","amazon finds, viral amazon deals, best gadgets 2026, trending products"
"Apple AirPods 4 with Active Noise Cancellation (28% OFF)","https://images.unsplash.com/photo-1606741965429-02919b2e0806?w=800&auto=format&fit=crop&q=80","Amazon Deals & Finds","","🔥 Apple AirPods 4 with Active Noise Cancellation is now 28% OFF on Amazon! Verified 4.8★ with 32,500 reviews. Check today's lowest deal & features on AffiliPrime Deals. #AmazonFinds #AmazonDeals #BestDeals #ViralFinds #ShopNow","https://zainimranhameed-png.github.io/affiliprime-deals/?product=prod-31","","amazon finds, viral amazon deals, best gadgets 2026, trending products"
"Stanley Quencher H2.0 FlowState Tumbler 40 oz (22% OFF)","https://images.unsplash.com/photo-1625708458528-802ec79b1ed8?w=800&auto=format&fit=crop&q=80","Amazon Deals & Finds","","🔥 Stanley Quencher H2.0 FlowState Tumbler 40 oz is now 22% OFF on Amazon! Verified 4.8★ with 89,200 reviews. Check today's lowest deal & features on AffiliPrime Deals. #AmazonFinds #AmazonDeals #BestDeals #ViralFinds #ShopNow","https://zainimranhameed-png.github.io/affiliprime-deals/?product=prod-32","","amazon finds, viral amazon deals, best gadgets 2026, trending products"
"Mighty Patch Original Hydrocolloid Acne Patches (36 Count) (24% OFF)","https://images.unsplash.com/photo-1512290923902-8a9f81dc236c?w=800&auto=format&fit=crop&q=80","Amazon Deals & Finds","","🔥 Mighty Patch Original Hydrocolloid Acne Patches (36 Count) is now 24% OFF on Amazon! Verified 4.6★ with 157,000 reviews. Check today's lowest deal & features on AffiliPrime Deals. #AmazonFinds #AmazonDeals #BestDeals #ViralFinds #ShopNow","https://zainimranhameed-png.github.io/affiliprime-deals/?product=prod-33","","amazon finds, viral amazon deals, best gadgets 2026, trending products"
"Ring Battery Doorbell Pro 2nd Gen — Smart Video Doorbell (22% OFF)","https://images.unsplash.com/photo-1558618666-fcd25c85cd64?w=800&auto=format&fit=crop&q=80","Amazon Deals & Finds","","🔥 Ring Battery Doorbell Pro 2nd Gen — Smart Video Doorbell is now 22% OFF on Amazon! Verified 4.5★ with 28,400 reviews. Check today's lowest deal & features on AffiliPrime Deals. #AmazonFinds #AmazonDeals #BestDeals #ViralFinds #ShopNow","https://zainimranhameed-png.github.io/affiliprime-deals/?product=prod-34","","amazon finds, viral amazon deals, best gadgets 2026, trending products"
"Kindle Paperwhite Signature Edition 32GB — Waterproof E-Reader (26% OFF)","https://images.unsplash.com/photo-1481627834876-b7833e8f5570?w=800&auto=format&fit=crop&q=80","Amazon Deals & Finds","","🔥 Kindle Paperwhite Signature Edition 32GB — Waterproof E-Reader is now 26% OFF on Amazon! Verified 4.8★ with 76,300 reviews. Check today's lowest deal & features on AffiliPrime Deals. #AmazonFinds #AmazonDeals #BestDeals #ViralFinds #ShopNow","https://zainimranhameed-png.github.io/affiliprime-deals/?product=prod-35","","amazon finds, viral amazon deals, best gadgets 2026, trending products"
"Apple Watch Series 10 GPS 42mm — Thinnest Apple Watch Ever (18% OFF)","https://images.unsplash.com/photo-1434494878577-86c23bcb06b9?w=800&auto=format&fit=crop&q=80","Amazon Deals & Finds","","🔥 Apple Watch Series 10 GPS 42mm — Thinnest Apple Watch Ever is now 18% OFF on Amazon! Verified 4.7★ with 41,200 reviews. Check today's lowest deal & features on AffiliPrime Deals. #AmazonFinds #AmazonDeals #BestDeals #ViralFinds #ShopNow","https://zainimranhameed-png.github.io/affiliprime-deals/?product=prod-36","","amazon finds, viral amazon deals, best gadgets 2026, trending products"
"Ninja AF101 Air Fryer 4 Quart — 112,000+ Reviews (31% OFF)","https://images.unsplash.com/photo-1585515320310-259814833e62?w=800&auto=format&fit=crop&q=80","Amazon Deals & Finds","","🔥 Ninja AF101 Air Fryer 4 Quart — 112,000+ Reviews is now 31% OFF on Amazon! Verified 4.8★ with 112,000 reviews. Check today's lowest deal & features on AffiliPrime Deals. #AmazonFinds #AmazonDeals #BestDeals #ViralFinds #ShopNow","https://zainimranhameed-png.github.io/affiliprime-deals/?product=prod-37","","amazon finds, viral amazon deals, best gadgets 2026, trending products"
"Instant Pot Duo 7-in-1 Electric Pressure Cooker 6 Qt (20% OFF)","https://images.unsplash.com/photo-1556909114-f6e7ad7d3136?w=800&auto=format&fit=crop&q=80","Amazon Deals & Finds","","🔥 Instant Pot Duo 7-in-1 Electric Pressure Cooker 6 Qt is now 20% OFF on Amazon! Verified 4.7★ with 138,000 reviews. Check today's lowest deal & features on AffiliPrime Deals. #AmazonFinds #AmazonDeals #BestDeals #ViralFinds #ShopNow","https://zainimranhameed-png.github.io/affiliprime-deals/?product=prod-38","","amazon finds, viral amazon deals, best gadgets 2026, trending products"
"COSRX Advanced Snail 96 Mucin Power Essence 100ml (24% OFF)","https://images.unsplash.com/photo-1608248597279-f99d160bfcbc?w=800&auto=format&fit=crop&q=80","Amazon Deals & Finds","","🔥 COSRX Advanced Snail 96 Mucin Power Essence 100ml is now 24% OFF on Amazon! Verified 4.5★ with 94,600 reviews. Check today's lowest deal & features on AffiliPrime Deals. #AmazonFinds #AmazonDeals #BestDeals #ViralFinds #ShopNow","https://zainimranhameed-png.github.io/affiliprime-deals/?product=prod-39","","amazon finds, viral amazon deals, best gadgets 2026, trending products"
"Anker 65W 3-Port GaN USB-C Wall Charger (28% OFF)","https://images.unsplash.com/photo-1583863788434-e58a36330cf0?w=800&auto=format&fit=crop&q=80","Amazon Deals & Finds","","🔥 Anker 65W 3-Port GaN USB-C Wall Charger is now 28% OFF on Amazon! Verified 4.7★ with 67,800 reviews. Check today's lowest deal & features on AffiliPrime Deals. #AmazonFinds #AmazonDeals #BestDeals #ViralFinds #ShopNow","https://zainimranhameed-png.github.io/affiliprime-deals/?product=prod-40","","amazon finds, viral amazon deals, best gadgets 2026, trending products"
"Tile Mate Bluetooth Tracker 4-Pack — Find Keys, Wallet & Bags (25% OFF)","https://images.unsplash.com/photo-1644725564200-7c42e8d9e77e?w=800&auto=format&fit=crop&q=80","Amazon Deals & Finds","","🔥 Tile Mate Bluetooth Tracker 4-Pack — Find Keys, Wallet & Bags is now 25% OFF on Amazon! Verified 4.4★ with 89,400 reviews. Check today's lowest deal & features on AffiliPrime Deals. #AmazonFinds #AmazonDeals #BestDeals #ViralFinds #ShopNow","https://zainimranhameed-png.github.io/affiliprime-deals/?product=prod-41","","amazon finds, viral amazon deals, best gadgets 2026, trending products"
"Fitbit Charge 6 Advanced Fitness Tracker with Google Maps (19% OFF)","https://images.unsplash.com/photo-1575311373937-040b8e1fd5b6?w=800&auto=format&fit=crop&q=80","Amazon Deals & Finds","","🔥 Fitbit Charge 6 Advanced Fitness Tracker with Google Maps is now 19% OFF on Amazon! Verified 4.4★ with 38,700 reviews. Check today's lowest deal & features on AffiliPrime Deals. #AmazonFinds #AmazonDeals #BestDeals #ViralFinds #ShopNow","https://zainimranhameed-png.github.io/affiliprime-deals/?product=prod-42","","amazon finds, viral amazon deals, best gadgets 2026, trending products"
"Hydro Flask 32 oz Wide Mouth Water Bottle — Lifetime Warranty (25% OFF)","https://images.unsplash.com/photo-1602143407151-7111542de6e8?w=800&auto=format&fit=crop&q=80","Amazon Deals & Finds","","🔥 Hydro Flask 32 oz Wide Mouth Water Bottle — Lifetime Warranty is now 25% OFF on Amazon! Verified 4.8★ with 74,200 reviews. Check today's lowest deal & features on AffiliPrime Deals. #AmazonFinds #AmazonDeals #BestDeals #ViralFinds #ShopNow","https://zainimranhameed-png.github.io/affiliprime-deals/?product=prod-43","","amazon finds, viral amazon deals, best gadgets 2026, trending products"
"Amazon Echo Dot 5th Gen — Smart Speaker with Motion Sensor & Alexa (20% OFF)","https://images.unsplash.com/photo-1543512214-318c7553f230?w=800&auto=format&fit=crop&q=80","Amazon Deals & Finds","","🔥 Amazon Echo Dot 5th Gen — Smart Speaker with Motion Sensor & Alexa is now 20% OFF on Amazon! Verified 4.7★ with 186,000 reviews. Check today's lowest deal & features on AffiliPrime Deals. #AmazonFinds #AmazonDeals #BestDeals #ViralFinds #ShopNow","https://zainimranhameed-png.github.io/affiliprime-deals/?product=prod-44","","amazon finds, viral amazon deals, best gadgets 2026, trending products"
"Vitamix E310 Explorian Blender 48oz — Professional Grade (20% OFF)","https://images.unsplash.com/photo-1570197788417-0e82375c9371?w=800&auto=format&fit=crop&q=80","Amazon Deals & Finds","","🔥 Vitamix E310 Explorian Blender 48oz — Professional Grade is now 20% OFF on Amazon! Verified 4.7★ with 22,900 reviews. Check today's lowest deal & features on AffiliPrime Deals. #AmazonFinds #AmazonDeals #BestDeals #ViralFinds #ShopNow","https://zainimranhameed-png.github.io/affiliprime-deals/?product=prod-45","","amazon finds, viral amazon deals, best gadgets 2026, trending products"
"Red Light Therapy Face Device — 7 LED Anti-Aging Facial Massager (36% OFF)","https://images.unsplash.com/photo-1596755389378-c31d21fd1273?w=800&auto=format&fit=crop&q=80","Amazon Deals & Finds","","🔥 Red Light Therapy Face Device — 7 LED Anti-Aging Facial Massager is now 36% OFF on Amazon! Verified 4.4★ with 18,700 reviews. Check today's lowest deal & features on AffiliPrime Deals. #AmazonFinds #AmazonDeals #BestDeals #ViralFinds #ShopNow","https://zainimranhameed-png.github.io/affiliprime-deals/?product=prod-46","","amazon finds, viral amazon deals, best gadgets 2026, trending products"
"Phomemo M02 Pro Mini Bluetooth Photo Printer — Zero Ink Sticker Printer (33% OFF)","https://images.unsplash.com/photo-1612815154858-60aa4c59eaa6?w=800&auto=format&fit=crop&q=80","Amazon Deals & Finds","","🔥 Phomemo M02 Pro Mini Bluetooth Photo Printer — Zero Ink Sticker Printer is now 33% OFF on Amazon! Verified 4.3★ with 41,300 reviews. Check today's lowest deal & features on AffiliPrime Deals. #AmazonFinds #AmazonDeals #BestDeals #ViralFinds #ShopNow","https://zainimranhameed-png.github.io/affiliprime-deals/?product=prod-47","","amazon finds, viral amazon deals, best gadgets 2026, trending products"
"Ultimate Ears BOOM 3 Portable Bluetooth Speaker — IP67 Waterproof (25% OFF)","https://images.unsplash.com/photo-1608043152269-423dbba4e7e1?w=800&auto=format&fit=crop&q=80","Amazon Deals & Finds","","🔥 Ultimate Ears BOOM 3 Portable Bluetooth Speaker — IP67 Waterproof is now 25% OFF on Amazon! Verified 4.7★ with 54,200 reviews. Check today's lowest deal & features on AffiliPrime Deals. #AmazonFinds #AmazonDeals #BestDeals #ViralFinds #ShopNow","https://zainimranhameed-png.github.io/affiliprime-deals/?product=prod-48","","amazon finds, viral amazon deals, best gadgets 2026, trending products"
"iRobot Roomba i4+ EVO Self-Emptying Robot Vacuum (30% OFF)","https://images.unsplash.com/photo-1558317374-067fb5f30001?w=800&auto=format&fit=crop&q=80","Amazon Deals & Finds","","🔥 iRobot Roomba i4+ EVO Self-Emptying Robot Vacuum is now 30% OFF on Amazon! Verified 4.4★ with 29,800 reviews. Check today's lowest deal & features on AffiliPrime Deals. #AmazonFinds #AmazonDeals #BestDeals #ViralFinds #ShopNow","https://zainimranhameed-png.github.io/affiliprime-deals/?product=prod-49","","amazon finds, viral amazon deals, best gadgets 2026, trending products"
"Anti-Theft Travel Backpack 15.6"" — USB Charging Port & TSA Lock (34% OFF)","https://images.unsplash.com/photo-1553062407-98eeb64c6a62?w=800&auto=format&fit=crop&q=80","Amazon Deals & Finds","","🔥 Anti-Theft Travel Backpack 15.6"" — USB Charging Port & TSA Lock is now 34% OFF on Amazon! Verified 4.6★ with 48,300 reviews. Check today's lowest deal & features on AffiliPrime Deals. #AmazonFinds #AmazonDeals #BestDeals #ViralFinds #ShopNow","https://zainimranhameed-png.github.io/affiliprime-deals/?product=prod-50","","amazon finds, viral amazon deals, best gadgets 2026, trending products"